Population,Line,Pot,Photoperiod,Germination Date,Date First Flower,Days to flowering,Node Leaf coll.,Plant Height (mm),Corolla Length (mm),Corolla Width (mm),Longest Stamen Length (mm),Smallest Stamen Length (mm),Pistil Length (mm),Cleistogamy?,Stigma-anther separation,Anther-anther separation,Leaf lobing index,Notes
BCL,1,A,15h,284,305,21,2,87,17.41,13.08,10.6,9.61,11.73,N,1.13,0.99,0.1959374163,
BCL,1,B,15h,284,305,21,2,66,12.21,7.39,8.18,7.1,8.09,N,-0.09,1.08,0.1304297374,
BCL,1,C,15h,284,307,23,2,78,13.94,9.28,9.11,7.75,9.69,N,0.58,1.36,0.148,
BCL,2,A,15h,284,307,23,2,38,12.28,5.73,8.7,8.01,,N,,0.69,0.169,
BCL,2,B,15h,284,306,22,2,67,12,8.52,9.03,8.32,10.31,N,1.28,0.71,0.3271298744,
BCL,2,C,15h,284,307,23,2,69,12.37,6.11,8.09,7,8.93,N,0.84,1.09,0.310,
BCL,3,A,15h,284,307,23,2,56,12.31,8.04,9.06,6.82,8.55,N,-0.51,2.24,0.266,
BCL,3,B,15h,285,304,19,2,48,10.11,6.37,8.07,6.19,8.06,N,-0.01,1.88,0.248,
BCL,3,C,15h,285,305,20,2,62,11.05,6.89,8.45,7.27,9.48,N,1.03,1.18,0.2526065725,
BCL,4,A,15h,284,307,23,2,37,13.22,7.77,8.38,7.32,9.82,N,1.44,1.06,0.232,
BCL,4,B,15h,285,306,21,2,36,10.79,6.76,8.61,7.56,9.58,N,0.97,1.05,0.2480989016,
BCL,4,C,15h,285,312,27,2,81,10.72,5.15,8.67,7.49,8.95,N,0.28,1.18,0.2286235052,
BCL,9,A,15h,284,303,19,2,77,12.05,9.88,9.35,6.67,9.26,N,-0.09,2.68,0.2796181544,
BCL,9,B,15h,284,303,19,2,67,11.36,6.8,10.53,7.84,,N,,2.69,0.2675618187,
BCL,9,C,15h,284,303,19,3,57,9.67,4.2,9.51,6.37,,N,,3.14,,
BCL,15,A,15h,284,309,25,3,40,9.5,4.83,7.23,6.3,8.19,N,0.96,0.93,0.3733712745,
BCL,15,B,15h,285,309,24,1,56,11.28,6.44,7.66,6.9,8.64,N,0.98,0.76,0.2201953952,
BCL,15,C,15h,285,307,22,2,32,9.42,5.76,6.74,6,8.17,N,1.43,0.74,0.297,
BML,4,A,15h,284,304,20,2,50,15.25,9.39,8.35,6.99,9.66,N,1.31,1.36,0.205,
BML,4,B,15h,284,303,19,2,72,14.83,10.92,11.04,7.92,10.76,N,-0.28,3.12,0.1437625436,
BML,4,C,15h,284,303,19,3,57,10.22,4.89,8.41,6.45,8.33,Y,-0.08,1.96,0.1342460357,
BML,5,A,15h,285,305,20,2,37,15.45,12.2,10.44,9.96,11.77,N,1.33,0.48,0.3611257079,
BML,5,B,15h,284,303,19,2,51,11.53,6.37,9.3,7.81,8.62,Y,-0.68,1.49,0.2890474268,
BML,5,C,15h,284,304,20,2,9,12.7,9,7.84,7.24,9.21,N,1.37,0.6,0.217,
BML,6,A,15h,284,305,21,2,60,13.83,7.74,10.7,9.58,10.9,N,0.2,1.12,0.1950960901,
BML,6,B,15h,284,305,21,2,65,12.65,8.25,10.64,9.38,10.06,N,-0.58,1.26,0.1894592979,
BML,6,C,15h,284,305,21,2,52,12.37,7.21,9.71,8.64,,N,,1.07,0.1750023907,
BML,7,A,15h,285,305,20,2,25,14.29,9.47,10.25,9.86,10.61,N,0.36,0.39,,
BML,7,B,15h,284,305,21,2,18,15,10.33,10.21,9.13,10.87,N,0.66,1.08,,
BML,7,C,15h,285,305,20,2,21,15.92,10.87,11.29,10.39,12.24,N,0.95,0.9,0.3522174777,
BML,10,A,15h,284,305,21,2,59,14.95,11.88,12.17,10.79,11,N,-1.17,1.38,0.2484746307,
BML,10,B,15h,284,304,20,2,41,14.92,8.72,11.11,9.62,10.18,N,-0.93,1.49,0.151,
BML,10,C,15h,284,305,21,2,35,14.39,7.63,10.71,9.2,9.14,Y,-1.57,1.51,0.2425822562,
BML,13,A,15h,285,306,21,2,72,11.54,7.31,10.1,9.1,10.21,Y,0.11,1,0.1649602635,
BML,13,B,15h,284,304,20,2,62,10.41,6.1,8.89,7.46,9.45,Y,0.56,1.43,0.114,
BML,13,C,15h,284,306,22,2,71,12.32,7.21,9.6,8.76,9.89,N,0.29,0.84,0.3009418075,
BML,14,A,15h,285,305,20,2,57,11.83,4.2,8.99,7.92,11.29,Y,2.3,1.07,0.1680264036,
BML,14,B,15h,284,304,20,2,62,14.69,10.18,10.44,9.16,12.18,N,1.74,1.28,0.273,
BML,14,C,15h,284,303,19,2,96,13.55,10.71,13.09,9.62,16.26,N,3.17,3.47,0.2628929525,
BML,16,A,15h,284,305,21,2,48,13.9,6.46,9.24,8.23,9.92,N,0.68,1.01,0.2375444394,
BML,16,B,15h,284,305,21,2,50,11.82,4.83,9.16,8.24,8.57,Y,-0.59,0.92,0.1879086069,
BML,16,C,15h,285,306,21,2,52,12.4,5.94,9.95,9.19,9.67,N,-0.28,0.76,0.2657743786,
BML,19,A,15h,284,304,20,2,21,12.85,9.57,9.02,8.55,9.71,N,0.69,0.47,0.084,
BML,19,B,15h,285,305,20,2,29,11.62,7.44,8.75,7.92,8.45,N,-0.3,0.83,0.07218967483,
BML,19,C,15h,284,304,20,2,39,15.24,8.44,9.92,9.06,10.38,N,0.46,0.86,0.088,
CECL,5,A,15h,284,305,21,2,53,10.6,6.12,9.03,7.18,7.67,N,-1.36,1.85,0.1597731318,
CECL,5,B,15h,284,306,22,2,55,12.66,6.06,10.78,9.83,8.8,N,-1.98,0.95,0.157969118,
CECL,5,C,15h,284,306,22,2,28,12,5.12,9.74,8.25,8.29,N,-1.45,1.49,0.1073311632,
CECL,6,A,15h,285,306,21,2,51,11.86,8.09,9.93,8.49,9.07,N,-0.86,1.44,0.1355549655,
CECL,6,B,15h,288,306,18,1,52,9.05,2.04,7.37,6.37,6.92,Y,-0.45,1,0.1417318206,
CECL,6,C,15h,285,313,28,2,60,10.28,5.24,9.4,8.41,8.73,N,-0.67,0.99,0.1465851905,
CECL,10,A,15h,284,307,23,1,49,12.1,7.83,9.92,8.54,8.93,N,-0.99,1.38,0.160,
CECL,10,B,15h,284,306,22,2,49,11.16,6.26,10.04,8.3,8.56,N,-1.48,1.74,0.1831218974,
CECL,10,C,15h,284,310,26,2,37,12.3,4.91,9.19,8.32,9.03,Y,-0.16,0.87,0.1490451423,
CECL,13,B,15h,285,309,24,3,61,11.36,6.16,8.26,7.43,9.75,N,1.49,0.83,0.4073976114,
CECL,13,C,15h,284,310,26,2,65,10.16,5.39,8.13,7.53,9.15,N,1.02,0.6,0.2778446506,
DNK,14,A,15h,286,307,21,2,26,9.93,7.74,8.83,7.75,7.6,N,-1.23,1.08,0.259,
DNK,14,B,15h,284,309,25,1,20,12.71,7.33,8.26,7.15,7.94,N,-0.32,1.11,0.1635370219,
DNK,14,C,15h,286,307,21,2,10,11.03,7.48,8.46,7.41,8.01,N,-0.45,1.05,0.356,
DNK,17,A,15h,286,307,21,2,53,12.17,8.19,8.66,8.05,9.84,N,1.18,0.61,0.234,
DNK,17,B,15h,286,307,21,2,59,16.23,10.21,10.7,9.38,10.51,N,-0.19,1.32,0.303,
DNK,17,C,15h,286,306,20,2,55,13.4,9.12,9.88,8.71,10.6,N,0.72,1.17,0.3031064345,
DNK,21,A,15h,284,307,23,2,11,10.7,7.99,8.92,7.8,7.57,N,-1.35,1.12,0.223,
DNK,21,B,15h,284,306,22,1,21,8.66,6.05,6.19,,6.6,N,0.41,,0.2502090371,
DNK,21,C,15h,284,307,23,2,15,9.96,6.83,7.89,6.44,6.9,N,-0.99,1.45,0.384,
DNK,27,A,15h,287,312,25,2,2,8.39,5.43,7.21,6.39,7.24,N,0.03,0.82,0.2276853601,
DNK,27,B,15h,287,310,23,2,15,10.11,7.14,8.43,7.57,8.24,N,-0.19,0.86,0.2701886378,
DNK,27,C,15h,287,312,25,1,9,8.82,5.32,7.74,6.8,7.24,N,-0.5,0.94,0.2191492321,
DNK,30,A,15h,287,310,23,2,9,9.84,6.35,8.03,6.95,8.3,N,0.27,1.08,0.2076935467,
DNK,30,B,15h,284,308,24,3,31,12.82,8.1,9.11,7.77,11.19,N,2.08,1.34,0.1178119238,
DNK,30,C,15h,286,310,24,2,20,10.48,6.15,9.2,8.09,8.01,N,-1.19,1.11,0.3120639023,
DNK,34,A,15h,284,313,29,1,74,12.22,7.94,10.18,9.19,9.38,N,-0.8,0.99,0.1827600702,
DNK,34,B,15h,284,309,25,2,33,13.46,6.93,8.69,8.15,9.82,N,1.13,0.54,0.09615881492,
DNK,34,C,15h,284,308,24,3,64,14.91,7.46,10.39,9.52,11.33,N,0.94,0.87,0.2370359942,
DNK,38,A,15h,285,311,26,1,9,9.8,6.01,8.64,7.73,7.66,N,-0.98,0.91,0.2588933653,
DNK,38,B,15h,285,309,24,1,15,11.75,6.54,8.24,7.34,8.86,N,0.62,0.9,0.2826597132,
DNK,38,C,15h,285,309,24,2,31,11.57,7.04,7.65,6.83,8.68,N,1.03,0.82,0.2726178331,
DNK,39,A,15h,285,312,27,2,36,12.51,7.74,8.5,7.97,8.8,N,0.3,0.53,0.1779079065,
DNK,39,B,15h,285,307,22,2,15,12.45,7.71,8.81,7.84,8.44,N,-0.37,0.97,0.240,
DNK,39,C,15h,285,306,21,2,20,11.6,6.81,8.91,8.22,9.03,N,0.12,0.69,0.3212260065,
GB,1,A,15h,284,309,25,3,26,11.01,5.93,7.64,6.43,7.56,N,-0.08,1.21,0.1733870968,
GB,1,B,15h,284,309,25,1,35,10.73,4.32,7.05,6.17,7.3,N,0.25,0.88,0.09148514851,
GB,1,C,15h,284,305,21,2,22,11.18,6.51,8.5,7.67,9.07,N,0.57,0.83,0.2233236954,
GB,2,A,15h,284,304,20,2,67,13.99,9.3,9.86,7.72,11.18,N,1.32,2.14,0.196,
GB,2,B,15h,284,304,20,3,79,12.05,8.57,8.59,7.24,9.5,N,0.91,1.35,0.241,Leaves too decayed to take from 1 or 2 node
GB,2,C,15h,284,304,20,2,56,12.56,7.43,8.95,7.45,9.33,N,0.38,1.5,0.180,
GB,25,A,15h,284,304,20,2,33,14.42,10.16,9.6,8.81,7.98,N,-1.62,0.79,0.261,
GB,25,B,15h,284,304,20,2,25,13.71,7.74,9.76,8.84,10.79,N,1.03,0.92,0.201,
GB,25,C,15h,284,303,19,2,35,15.09,8.91,7.59,6.58,9.4,N,1.81,1.01,0.3297885196,
GB,32,A,15h,284,306,22,2,71,15.38,11.81,11.41,9.99,11.14,N,-0.27,1.42,0.316353187,
GB,32,B,15h,284,307,23,2,86,18.37,12.01,12.46,10.39,10.77,N,-1.69,2.07,0.239,
GB,32,C,15h,285,307,22,2,64,15.92,10.07,11.56,9.65,9.76,N,-1.8,1.91,0.204,
GB,39,A,15h,284,305,21,2,17,10.07,4.89,8.53,6.31,6.77,N,-1.76,2.22,0.2267843661,
GB,39,B,15h,284,312,28,1,68,11.51,7.15,9.11,8.05,8.82,N,-0.29,1.06,0.2619905058,
GB,39,C,15h,284,305,21,2,16,11.53,7.08,9.32,7.66,8.47,N,-0.85,1.66,0.2639291933,
GB,44,A,15h,284,306,22,2,66,14.42,10.97,11.25,9.66,10.51,N,-0.74,1.59,0.1867634024,
GB,44,B,15h,284,306,22,2,81,14.29,8.44,10.44,8.72,9.89,N,-0.55,1.72,0.2171500705,
GB,44,C,15h,284,306,22,2,79,15.25,7.98,10.42,9.4,9.79,N,-0.63,1.02,0.1723047476,
HEH,2,A,15h,284,309,25,3,62,10.37,4.42,7.38,5.81,8.23,Y,0.85,1.57,0.1419762846,flower scenesced so it couldn't be measured. data needed
HEH,2,B,15h,284,307,23,2,69,11.03,7.51,7.85,6.84,8.64,N,0.79,1.01,0.338,
HEH,2,C,15h,284,310,26,2,64,10.76,6.26,7.34,6.75,8.64,N,1.3,0.59,0.2901839357,
HEH,4,A,15h,284,303,19,3,66,15.77,7.39,9.18,7.82,8.19,N,-0.99,1.36,0.1027466368,
HEH,4,B,15h,284,302,18,2,45,11.51,6.95,7.4,5.94,9.15,N,1.75,1.46,0.161,
HEH,4,C,15h,284,304,20,2,58,12.03,5.8,8.64,7.23,7.97,Y,-0.67,1.41,0.125,
HEH,9,A,15h,284,304,20,2,67,14.43,10.02,10.14,8.67,10.72,N,0.58,1.47,0.145,
HEH,9,B,15h,284,306,22,2,105,15.88,11.71,12.15,10.64,11.5,N,-0.65,1.51,0.233789511,
HEH,9,C,15h,284,304,20,2,65,11.96,8.91,9.63,8.58,8.84,N,-0.79,1.05,0.125,
HEH,12,A,15h,284,310,26,2,74,9.91,5.59,8,6.94,8.7,Y,0.7,1.06,0.126666203,
HEH,12,B,15h,284,310,26,2,61,9.83,5.2,7.91,7.05,8.23,Y,0.32,0.86,0.3575737053,
HEH,12,C,15h,285,312,27,1,67,9.76,4.45,7.76,6.96,8.36,Y,0.6,0.8,0.07682658536,
HEH,16,A,15h,284,303,19,3,48,7.63,4.35,8.09,7.53,7.68,Y,-0.41,0.56,0.1209322507,
HEH,16,B,15h,284,304,20,2,41,10.63,5.12,7.87,6.9,8.17,Y,0.3,0.97,0.173,
HEH,16,C,15h,284,303,19,3,78,12.34,6.43,9.23,8.33,10.25,N,1.02,0.9,0.09987603083,
HEH,17,A,15h,284,303,19,3,49,9.95,5.96,9.48,9.02,7.74,Y,-1.74,0.46,0.1085758965,
HEH,17,B,15h,284,303,19,3,48,10.46,5.87,9.43,7.35,11.13,Y,1.7,2.08,0.1505447145,
HEH,17,C,15h,284,303,19,3,34,7.89,6.78,5.89,4.08,8.79,N,2.9,1.81,0.1015711902,
HEH,20,A,15h,284,305,21,2,81,13.93,7.85,11.23,10.29,9.8,N,-1.43,0.94,0.0962247023,
HEH,20,B,15h,284,305,21,2,44,11.33,5.56,9.43,8.48,7.6,N,-1.83,0.95,0.09310870771,
HEH,20,C,15h,284,306,22,2,51,12.55,7.42,9.49,8.57,9.02,N,-0.47,0.92,0.1068186769,
HHR,5,A,15h,285,305,20,2,56,14.19,10.05,9.34,7.94,9.88,N,0.54,1.4,0.1183282516,
HHR,5,B,15h,285,307,22,2,75,17.94,12.42,9.44,8.53,9.74,N,0.3,0.91,0.153,
HHR,5,C,15h,285,308,23,3,88,11.7,14.94,9.95,9.39,12.44,N,2.49,0.56,0.07064252751,
HHR,13,A,15h,286,308,22,3,88,10.88,6.03,11.03,9.58,8.92,N,-2.11,1.45,0.05437601297,
HHR,13,B,15h,286,305,19,2,58,12.76,7,8.68,7.67,8.4,N,-0.28,1.01,0.1099514244,
HHR,13,C,15h,285,307,22,2,65,12.6,7.01,8.4,7.83,9.61,N,1.21,0.57,0.089,
HHR,17,A,15h,284,308,24,3,132,16.35,10.19,8.76,8.27,10.81,N,2.05,0.49,0.1090735545,
HHR,17,B,15h,284,307,23,2,42,14.04,8.47,9.51,8.59,10.48,N,0.97,0.92,0.1193509946,
HHR,18,A,15h,284,305,21,2,33,12.77,6.19,7.27,6.97,7.97,N,0.7,0.3,0.06701861131,
HHR,18,B,15h,284,305,21,2,77,15.45,8.74,9.5,8.87,9.89,N,0.39,0.63,0.07400263455,
HHR,18,C,15h,284,303,19,3,95,14.85,11.9,10.71,9.63,13.85,N,3.14,1.08,0.1119675067,
HUL,2,A,15h,285,309,24,2,89,11.64,3.84,9.21,8.26,10.9,Y,1.69,0.95,0.07629614802,
HUL,2,B,15h,285,312,27,2,105,14.19,8.44,9.02,7.89,10.88,N,1.86,1.13,0.05305138193,
HUL,2,C,15h,285,310,25,2,85,14.29,7.45,9.34,7.58,11.35,N,2.01,1.76,0.132412518,
HUL,3,A,15h,284,307,23,2,57,15.82,10.59,8.95,8.25,9.95,N,1,0.7,0.358,
HUL,3,B,15h,284,305,21,2,58,15.36,9.52,8.83,8.25,11.36,N,2.53,0.58,0.232931526,
HUL,3,C,15h,284,309,25,2,82,15.24,7.99,8.45,8.06,11.51,N,3.06,0.39,0.2573894395,
HUL,4,A,15h,285,310,25,2,66,13,5.89,9.56,7.97,10.65,N,1.09,1.59,0.3641431064,
HUL,4,B,15h,285,308,23,2,74.5,13.38,7.6,8.16,7.62,10.54,N,2.38,0.54,0.205012995,
HUL,4,C,15h,285,311,26,2,88,11.41,6.83,8.36,7.76,10.62,N,2.26,0.6,0.2492602925,
HUL,5,A,15h,284,308,24,2,88,13.64,5.49,8.91,8.73,8.99,N,0.08,0.18,0.2890787139,
HUL,5,B,15h,284,307,23,2,67,12.85,6.6,8.98,7.97,10.31,N,1.33,1.01,0.228,
HUL,5,C,15h,285,308,23,2,86,11.21,8.04,8.88,8,10.5,N,1.62,0.88,0.3192444937,
HUL,6,A,15h,285,306,21,2,60,12.61,5.49,8.17,7.42,9.15,Y,0.98,0.75,0.1872191219,
HUL,6,B,15h,284,308,24,2,88,12.39,7.89,8.63,7.56,10.15,N,1.52,1.07,0.2922064824,
HUL,6,C,15h,285,307,22,2,43,13.84,8.08,7.92,7.48,10.15,N,2.23,0.44,0.236,
HUL,7,A,15h,284,309,25,3,76,12.86,6.86,8.03,7.41,9.88,N,1.85,0.62,0.3453350031,flower found in pot but was shriveled. Needs data taken still.
HUL,7,B,15h,284,309,25,2,83,14.18,7.19,9.3,7.58,10.39,Y,1.09,1.72,0.3943289828,
HUL,7,C,15h,285,309,24,1,72,11.4,4.44,8.04,7.08,9.83,N,1.79,0.96,0.07809115575,
HUL,9,A,15h,284,309,25,2,84,14.79,7.99,9.19,8.09,10.76,N,1.57,1.1,0.3015696964,
HUL,9,B,15h,285,309,24,1,97,16.76,7.12,9.45,7.97,9.89,N,0.44,1.48,0.09010221362,
HUL,9,C,15h,285,307,22,2,41,11.98,7.53,8.08,7,9.61,N,1.53,1.08,0.152,
HUL,10,A,15h,285,308,23,2,65,12.54,7.33,8.12,7.36,9.4,N,1.28,0.76,0.2983639803,
HUL,10,B,15h,286,309,23,3,51,12.41,5.98,8.11,7.17,8.25,N,0.14,0.94,0.2665423807,
HUL,10,C,15h,286,309,23,3,61,13.52,7.07,8.97,7.42,9.73,N,0.76,1.55,0.2598825355,
HUL,20,A,15h,285,308,23,2,66,10.81,5.94,7.66,6.91,7.83,N,0.17,0.75,0.1990735334,
HUL,20,B,15h,285,309,24,3,51,11.92,6.79,7.98,7.41,8.66,N,0.68,0.57,0.2108288871,
HUL,20,C,15h,285,307,22,2,58,12.69,7.94,9,7.86,10.08,N,1.08,1.14,0.354,
LIB,1,A,15h,284,306,22,2,76,16.26,11.7,10.93,9.78,10.73,N,-0.2,1.15,0.2107242827,
LIB,1,B,15h,285,304,19,2,69,15.73,11.55,10.32,8.71,10.67,N,0.35,1.61,0.247,
LIB,1,C,15h,285,305,20,2,62,15.27,10.61,9.69,8.55,10.23,N,0.54,1.14,0.1780993992,
LIB,3,B,15h,286,307,21,2,46,11.92,9.59,9.87,8.25,9.96,N,0.09,1.62,0.188,
LIB,5,A,15h,284,305,21,2,115,13.87,10.98,10.53,9.17,10.89,N,0.36,1.36,0.2548804337,
LIB,5,B,15h,284,306,22,2,58,10.44,6.44,8.5,7.79,9.93,N,1.43,0.71,0.1676579227,
LIB,5,C,15h,284,307,23,2,71,14.68,11.21,10.84,9.38,10.05,N,-0.79,1.46,0.109,
LIB,6,A,15h,284,305,21,2,57,10.4,7.99,8.78,7.34,8.5,N,-0.28,1.44,0.09823788546,
LIB,6,B,15h,284,305,21,2,86,15.25,10.4,9.87,8.52,10.42,N,0.55,1.35,0.1364804503,
LIB,6,C,15h,284,305,21,2,103,14.87,11.29,10.2,8.6,10.54,N,0.34,1.6,0.1792351198,
LIB,7,A,15h,284,308,24,3,64,8.82,14.65,10.21,7.86,12.04,N,1.83,2.35,0.1727361903,
LIB,7,B,15h,284,306,22,2,72,14.1,10.46,10.76,9.49,10.57,N,-0.19,1.27,0.1317241869,
LIB,7,C,15h,284,306,22,2,74,15.49,10.85,10.94,9.87,11.12,N,0.18,1.07,,
LIB,10,A,15h,284,305,21,2,86,12.63,9.94,8.03,7.28,8.9,N,0.87,0.75,0.1222770242,
LIB,10,B,15h,284,305,21,2,94,16.03,12.29,10.45,8.66,9.08,N,-1.37,1.79,0.1664648605,
LIB,10,C,15h,285,306,21,2,82,12.21,11.49,8.91,8.15,9.49,N,0.58,0.76,0.1447021495,
LIB,11,B,15h,284,314,30,2,101,11.01,4.31,8.35,7.11,8.47,Y,0.12,1.24,0.5718223259,
LIB,11,C,15h,285,307,22,2,64,11.22,10.54,9.82,8.58,9.27,N,-0.55,1.24,0.103,
LIB,12,A,15h,284,309,25,3,68,10.62,5.92,7.52,7.07,8.85,N,1.33,0.45,0.2070560096,
LIB,12,B,15h,286,310,24,2,55,11.92,7.35,9.11,7.77,9.52,N,0.41,1.34,0.2917294892,
LIB,12,C,15h,284,311,27,2,56,10.43,5.49,7.33,6.91,8.13,N,0.8,0.42,0.1562820776,
LIB,13,A,15h,285,307,22,2,51,11.81,8.96,9.33,7.96,9.99,N,0.66,1.37,0.292,
LIB,13,B,15h,284,307,23,2,58,11.73,9.74,10.41,8.71,9.76,N,-0.65,1.7,0.262,
LIB,13,C,15h,284,307,23,2,48,12.92,9.63,9.68,8.27,9.38,N,-0.3,1.41,0.242,
OPN,1,A,15h,287,312,25,1,3,8.88,3.65,5.32,4.69,6.74,Y,1.42,0.63,0.1930027135,
OPN,1,B,15h,287,308,21,1,17,12.57,9.09,9.59,8.18,9.83,N,0.24,1.41,0.3197638118,
OPN,1,C,15h,287,308,21,3,64,13.81,7.3,7.2,6.43,10.69,N,3.49,0.77,0.2654385054,
OPN,4,A,15h,285,308,23,3,69.5,11.4,5.33,8.12,7.53,9.13,N,1.01,0.59,0.108511367,
OPN,4,B,15h,285,308,23,2,19,11.86,6.14,7.65,6.93,9.47,N,1.82,0.72,0.2526488002,
OPN,4,C,15h,285,311,26,2,65,13.4,7.44,8.48,7.74,9.9,N,1.42,0.74,0.3356486088,
OPN,7,A,15h,286,311,25,2,46,12.58,8.58,10.03,8.66,10.32,N,0.29,1.37,0.2176992293,
OPN,7,B,15h,286,309,23,1,6.4,17.42,9.28,11.13,9.27,10.71,N,-0.42,1.86,0.2004444092,
OPN,7,C,15h,286,309,23,1,50,16.02,8.03,9.86,8.65,10.53,N,0.67,1.21,0.225417959,
OPN,8,A,15h,284,308,24,2,40,10.39,,7.92,7.37,9.19,N,1.27,0.55,0.1321858104,
OPN,8,B,15h,284,308,24,2,38,10.97,8.04,8.37,7.14,9.15,N,0.78,1.23,0.2006813798,
OPN,8,C,15h,285,312,27,2,45,11.62,5.89,8.21,7.42,9.67,N,1.46,0.79,0.1046959915,
OPN,9,A,15h,286,306,20,2,42,12.49,5.88,8.79,7.32,,N,,1.47,0.3430493274,
OPN,9,B,15h,286,306,20,2,50,13.36,6.99,8.64,7.4,9.79,N,1.15,1.24,0.365678317,
OPN,9,C,15h,286,306,20,2,40,12.23,7.01,9,8.12,9.78,N,0.78,0.88,0.3089211005,
OPN,15,A,15h,286,309,23,4,71,11.47,7.33,8.31,7.6,10.16,N,1.85,0.71,0.2466327653,
OPN,15,C,15h,286,310,24,2,53,9.33,3.07,8.1,6.36,7.99,Y,-0.11,1.74,0.1877109356,
OPN,16,B,15h,287,310,23,2,34,12.36,6.93,10.03,9.01,8.42,N,-1.61,1.02,0.1686675319,
OPN,18,A,15h,288,313,25,1,35,10.91,6.92,8.57,7.33,7.95,N,-0.62,1.24,0.233429001,
OPN,18,B,15h,286,308,22,2,69,15.66,8.71,9.48,8.24,12.84,N,3.36,1.24,0.09687545275,
OPN,18,C,15h,286,308,22,2,58,16.01,9.06,9.56,8.39,10.94,N,1.38,1.17,0.1964013569,
PETL,1,A,15h,284,309,25,1,42,12.86,7.2,8.67,7.54,9.26,N,0.59,1.13,0.08904394299,
PETL,1,B,15h,285,307,22,2,67,12.09,8.18,8.62,7.16,10.15,N,1.53,1.46,0.274,
PETL,1,C,15h,285,307,22,2,61,12.69,7.01,7.95,7.34,9.73,N,1.78,0.61,0.217,
PETL,2,A,15h,285,306,21,2,57,13.37,7.09,8.71,7.38,9.24,N,0.53,1.33,0.2566864537,
PETL,2,B,15h,284,309,25,3,103,13.48,6.66,9.03,7.81,10.1,N,1.07,1.22,0.2633253199,
PETL,2,C,15h,285,307,22,2,76,10.33,6.35,7.03,6.55,8.25,N,1.22,0.48,0.043,
PETL,8,C,15h,285,307,22,1,47,13.02,10.3,9.79,8.82,11.08,N,1.29,0.97,0.144,
PETL,10,B,15h,285,306,21,2,51,13.34,7.96,9.75,8.75,9.87,N,0.12,1,,
PETL,14,A,15h,287,306,19,2,93,13.34,8,8.68,7.95,9.21,N,0.53,0.73,0.08278472679,
PETL,14,B,15h,287,306,19,1,58,12.39,7.13,8.45,7.33,7.98,N,-0.47,1.12,0.2035378766,
QAL,4,A,15h,286,310,24,2,52,11.84,8.08,8.85,8.09,8.71,N,-0.14,0.76,0.08322436736,
QAL,4,C,15h,294,309,15,2,31,12.07,7.18,7.54,7.07,8.13,N,0.59,0.47,0.1251758087,
QAL,16,A,15h,285,305,20,2,5,10.46,6.69,7.27,6.28,7.74,N,0.47,0.99,0.1483526269,
QAL,16,B,15h,284,305,21,2,8,10.27,5.18,6.6,6.06,7.97,N,1.37,0.54,0.260523322,
SBL,1,A,15h,284,305,21,2,61,11.09,6.09,9.03,8.33,7.6,N,-1.43,0.7,0.06101630279,
SBL,1,B,15h,284,306,22,2,88,12.01,7.66,8.53,7.67,9.08,N,0.55,0.86,0.2746356808,
SBL,1,C,15h,284,304,20,2,66,11.78,6.33,8.68,7.63,8.3,N,-0.38,1.05,0.17,
SBL,2,A,15h,284,306,22,2,59,12.99,6.81,9.21,7.99,8.66,N,-0.55,1.22,0.1433158514,
SBL,2,B,15h,284,306,22,2,82,10.45,7.75,9.3,8.18,7.53,N,-1.77,1.12,0.1513398461,
SBL,2,C,15h,284,304,20,2,55,9.18,5.91,7.43,6.04,8.12,N,0.69,1.39,0.166,
SBL,3,A,15h,284,308,24,2,65,11.57,7.15,8.43,7.8,8.86,N,0.43,0.63,,
SBL,3,B,15h,284,306,22,2,50,12.01,7.72,8.91,7.61,8.69,N,-0.22,1.3,0.1076559637,
SBL,3,C,15h,284,308,24,2,67,14.97,8.45,9.26,8.19,9.27,N,0.01,1.07,0.1797512477,
SBL,4,A,15h,284,306,22,2,79,11.35,6.71,8.45,7.77,7.94,N,-0.51,0.68,0.1877937517,
SBL,4,B,15h,284,312,28,1,50,10.29,6.18,8.36,7.31,8.06,N,-0.3,1.05,0.1202847633,
SBL,4,C,15h,284,306,22,2,66,10.09,5.22,7.8,6.92,6.92,N,-0.88,0.88,0.1834506815,
SBL,5,A,15h,286,307,21,2,70,14.96,9.49,9.2,8.5,10.13,N,0.93,0.7,0.07278401998,
SBL,5,B,15h,284,309,25,2,77,18.15,12.35,10.25,10.09,12.68,N,2.43,0.16,0.134,
SBL,5,C,15h,284,307,23,2,73,15.78,8.38,9.43,8.77,10.92,N,1.49,0.66,0.09534507903,
SBL,6,A,15h,285,308,23,3,48,11.28,5.82,7.74,6.99,8.38,N,0.64,0.75,0.194,
SBL,6,B,15h,285,307,22,2,66,13.34,8.09,9.23,8.11,9.57,N,0.34,1.12,0.1289469334,
SBL,6,C,15h,284,305,21,2,65,11.54,7.78,8.7,7.95,9.03,N,0.33,0.75,0.091,
SBL,7,A,15h,285,307,22,2,65,11.47,7.09,9.37,8.28,9.23,N,-0.14,1.09,0.138796693,
SBL,7,B,15h,284,307,23,2,69,15.11,8.37,9.5,8.23,9.84,N,0.34,1.27,0.119,
SBL,7,C,15h,284,306,22,2,55,12.61,8.2,9.34,8.25,8.26,N,-1.08,1.09,0.094,
SBL,9,A,15h,286,309,23,1,51,11.59,5.36,7.93,6.73,8.67,N,0.74,1.2,0.09437255236,
SHL,1,A,15h,286,311,25,2,89,11.02,11.11,9.5,8.5,10.35,N,0.85,1,0.3860233317,
SHL,1,B,15h,284,308,24,2,47,12.69,9.58,9.23,8.33,8.64,N,-0.59,0.9,0.3034475203,
SHL,1,C,15h,284,311,27,2,57,11.32,8.68,9.23,8.24,9.17,N,-0.06,0.99,0.382779429,
SHL,2,A,15h,285,312,27,1,61,13,,8.92,7.66,10.45,N,1.53,1.26,0.241359447,
SHL,2,B,15h,284,307,23,2,30,15.06,10.74,9.87,8.61,9.81,N,-0.06,1.26,0.317,
SHL,2,C,15h,284,309,25,3,52,12.34,6.54,8.25,7.14,9.6,N,1.35,1.11,0.2864916582,
SHL,3,A,15h,284,305,21,2,34,11.47,8.41,8.86,7.81,9.74,N,0.88,1.05,0.3455817848,
SHL,3,B,15h,284,305,21,2,67,11.25,9.43,8.79,6.57,9.8,N,1.01,2.22,0.2683143808,
SHL,3,C,15h,284,305,21,2,55,13.75,9.51,9.45,8.28,8.91,N,-0.54,1.17,0.2632262474,
SHL,4,A,15h,284,307,23,2,60,10.85,9.81,9.15,8.69,9.47,N,0.32,0.46,0.292,
SHL,4,B,15h,284,306,22,2,69,12.17,10.54,9.9,8.66,10.56,N,0.66,1.24,0.321064873,
SHL,4,C,15h,284,307,23,2,39,13.56,9.08,9.06,7.89,9.18,N,0.12,1.17,0.305,
SHL,5,A,15h,285,310,25,2,5,11.38,7.38,9.04,7.94,9.42,N,0.38,1.1,0.2859630907,
SHL,5,B,15h,285,311,26,2,53,13.34,10.34,9.88,8.49,10.55,N,0.67,1.39,0.3740342973,
SHL,5,C,15h,285,310,25,2,24,11.76,7.36,8.78,7.52,9.57,N,0.79,1.26,0.4007248194,
SHL,6,A,15h,284,307,23,2,45,11.84,5.82,8.9,7.79,9.39,N,0.49,1.11,0.357,
SHL,6,B,15h,284,309,25,1,60,12.27,8.1,8.53,7.66,10.04,N,1.51,0.87,0.1676040062,
SHL,6,C,15h,284,307,23,2,33,9.98,6.72,8.84,7.35,9.59,N,0.75,1.49,0.336,
SHL,9,A,15h,285,313,28,2,1,8.49,3.62,7.02,5.88,7.23,Y,-0.21,1.14,0.2410184862,
SHL,9,B,15h,285,314,29,2,16,11.62,7.48,8.37,7.62,10.03,N,-1.66,0.75,0.2306690021,
SHL,9,C,15h,285,314,29,2,5,12.1,7.48,9,7.56,8.78,N,0.22,1.44,0.1984626327,
SHL,10,A,15h,285,306,21,2,60,12.93,8.14,10.11,8.86,8.94,N,-1.17,1.25,0.3347601829,
SHL,10,B,15h,285,306,21,2,35,11.32,8.91,9.39,7.81,9.25,N,-0.14,1.58,0.2364754878,
SHL,10,C,15h,285,307,22,2,59,11.37,7.58,9.09,7.9,9.43,N,0.34,1.19,0.33,
SHL,12,A,15h,284,310,26,1,36,12.96,7.44,9.23,8.31,10.49,N,1.26,0.92,0.1341546003,
SHL,12,B,15h,284,307,23,2,21,12.02,8.92,8.76,7.74,9.45,N,0.69,1.02,0.301,
SHL,12,C,15h,284,306,22,2,23,11.92,7.65,8.7,7.52,9.29,N,0.59,1.18,0.2485905861,
SHL,38,A,15h,284,310,26,2,70,14.42,10.43,9.72,8.59,10.29,N,0.57,1.13,0.3571471508,
SHL,38,B,15h,284,306,22,2,46,13.45,9.26,9.86,7.94,10.69,N,0.83,1.92,0.2614784463,
SHL,38,C,15h,284,306,22,2,19,12.84,8.8,8.63,7.48,9.27,N,0.64,1.15,0.3080231906,
SNB2,1,A,15h,284,307,23,2,14,11.19,7.29,7.87,7.41,7.92,N,0.05,0.46,0.238,
SNB2,1,B,15h,284,305,21,2,19,12.46,8.15,8.4,7.18,8.83,N,0.43,1.22,0.2675188576,
SNB2,1,C,15h,284,309,25,1,1,10.37,6.28,7.48,6.22,7.65,N,0.17,1.26,0.306507243,
TIGR,28,A,15h,284,304,20,2,47,9.37,6.7,8.15,6.75,8.61,N,0.46,1.4,0.239,
TIGR,28,B,15h,284,302,18,2,60,10.96,7.19,9.04,7.75,7.88,N,-1.16,1.29,0.254,
TIGR,28,C,15h,284,305,21,2,48,10.8,7.27,8.24,7,8.95,N,0.71,1.24,0.1425571016,
TRT,1,A,15h,285,308,23,3,83,8.32,7.95,8.64,6.26,11.12,N,2.48,2.38,0.1626361623,
TRT,1,B,15h,285,307,22,2,65,12.66,7.47,8.73,7.91,9.7,N,0.97,0.82,0.27,
TRT,1,C,15h,284,306,22,2,48,12.34,7.27,8.52,7.23,10.17,N,1.65,1.29,0.1877682772,
TRT,2,A,15h,284,305,21,2,35,10.98,5.57,7.99,7.9,9.16,N,1.17,0.09,0.1118439959,
TRT,2,B,15h,284,309,25,1,79,12.5,6.66,9.06,7.67,8.59,N,-0.47,1.39,0.1332708138,
TRT,2,C,15h,285,305,20,2,27,10.56,8.72,8.09,5.9,7.58,N,-0.51,2.19,0.1054157849,
TRT,3,A,15h,286,310,24,2,34,9.61,6.96,6.97,5.6,7.52,N,0.55,1.37,0.1574797002,
TRT,3,B,15h,286,306,20,2,50,14.63,10.97,10.61,9.54,10.52,N,-0.09,1.07,0.2135950437,
TRT,3,C,15h,288,305,17,2,24,9.61,7.23,7.37,6.53,7.98,N,0.61,0.84,0.1573447754,
TRT,4,A,15h,284,307,23,1,51,12.23,9,9.84,8.73,9.9,N,0.06,1.11,0.16,
TRT,4,B,15h,285,309,24,1,54,14.05,10.52,9.52,8.28,9.39,N,-0.13,1.24,0.3022843102,
TRT,4,C,15h,285,313,28,1,62,11.43,7.75,8.95,8.28,8.89,N,-0.06,0.67,0.255692151,
TRT,6,A,15h,284,308,24,2,46,12.03,7.05,8.66,8,9.33,N,0.67,0.66,0.3067456601,
TRT,6,B,15h,285,308,23,3,67,13.28,8.09,9.38,7.68,8.21,N,-1.17,1.7,0.1313034772,
TRT,6,C,15h,285,307,22,2,57,12.03,7.94,8.44,7.64,8.92,N,0.48,0.8,0.3,
TRT,11,A,15h,286,308,22,1,44,13.05,9.11,10.19,9.22,10.7,N,0.51,0.97,0.2097442095,
TRT,11,B,15h,286,309,23,1,62,15.87,7.61,10.76,9.21,11.04,N,0.28,1.55,0.2389672294,
TRT,11,C,15h,286,309,23,2,50,15.53,8.75,9.74,8.4,9.47,N,-0.27,1.34,0.266579101,
WCL,3,A,15h,284,302,18,2,53,11.09,7.16,9.71,8.15,8.82,N,-0.89,1.56,0.075,
WCL,3,B,15h,284,302,18,2,62,15.63,9.38,8.17,7.59,10.22,N,2.05,0.58,0.126,
WCL,3,C,15h,284,302,18,2,49,12.75,7.04,8.54,7.26,10.03,N,1.49,1.28,0.078,
WCL,8,A,15h,284,302,18,2,49,12.32,9.1,8.98,7.77,10.78,N,1.8,1.21,0.171,
WCL,8,B,15h,284,304,20,2,18,12.97,10.14,8.84,7.74,9.2,N,0.36,1.1,0.177,
WCL,8,C,15h,284,304,20,2,41,11.93,8.02,9.98,7.95,10.63,N,0.65,2.03,0.16,
WCL,9,A,15h,284,302,18,2,68,14.39,9.22,7.41,6.04,10.01,N,2.6,1.37,0.237,
WCL,9,B,15h,284,302,18,2,71,13.29,9.26,10.5,8.55,10.49,N,-0.01,1.95,0.315,
WCL,9,C,15h,284,302,18,2,61,11.79,7.27,9.34,7.32,11.01,N,1.67,2.02,0.233,
WCL,10,A,15h,284,303,19,3,57,15.67,11.87,9.24,7.68,13.54,N,4.3,1.56,0.1827079935,
WCL,10,B,15h,284,304,20,2,42,11.74,8.45,8.74,7.97,10.21,N,1.47,0.77,0.121,
WCL,10,C,15h,284,304,20,2,38,11.78,7.36,8.01,7.23,9.54,N,1.53,0.78,0.163,
WCL,11,B,15h,284,305,21,2,56,14.82,9.26,8.65,7.78,8.74,N,0.09,0.87,0.1353443868,
WCL,11,C,15h,284,304,20,2,68,13.56,11.5,7.76,6.76,9.79,N,2.03,1,0.167,
WCL,13,A,15h,285,306,21,2,66,15.03,11.52,10.11,8.84,10.06,N,-0.05,1.27,0.1169848262,
WCL,13,B,15h,285,306,21,2,82,14.45,9.89,10.11,8.72,9.99,N,-0.12,1.39,0.09770744751,
WCL,13,C,15h,284,306,22,2,105,14.93,13.18,11.68,10.3,11.62,N,-0.06,1.38,0.1233511376,
WLF,47,A,15h,285,306,21,2,44,10.53,7.88,8.15,7.13,8.84,N,0.69,1.02,0.2966849908,
WLF,47,B,15h,285,310,25,2,81,13.1,7.17,8.27,7.66,9.22,N,0.95,0.61,0.368176465,
WLF,47,C,15h,285,306,21,2,46,10.08,7.97,7.65,6.35,9.14,N,1.49,1.3,0.1545124717,
WLF,60,A,15h,286,313,27,2,55,10.97,8.36,9.66,8.13,8.89,N,-0.77,1.53,0.2492924177,
WLF,60,B,15h,286,310,24,2,35,10.54,6.25,8.73,7.43,8.76,N,0.03,1.3,0.1643210108,
WLF,60,C,15h,286,312,26,1,46,12.1,8.2,10.18,8.85,9.77,N,-0.41,1.33,0.139,
WLF,61,A,15h,284,304,20,2,43,15.92,11.94,7.63,7.52,11.23,N,3.6,0.11,0.202,
WLF,61,B,15h,284,304,20,2,71,19.4,12.6,10.88,9.85,11.27,N,0.39,1.03,0.117,
WLF,61,C,15h,284,302,18,2,46,15.25,10.31,9.27,7.81,10.53,N,1.26,1.46,0.3497126288,
WLF,62,A,15h,285,306,21,2,51,16.16,10.38,10.54,9.47,12.96,N,2.42,1.07,0.346,
WLF,62,B,15h,286,307,21,2,25,15.5,10.97,9.88,8.46,10.9,N,1.02,1.42,0.279,
WLF,62,C,15h,285,307,22,2,38,14.39,9.01,9.43,8.06,11.8,N,2.37,1.37,0.4657671531,
WLF,63,A,15h,285,305,20,2,42,15.42,10.14,10.26,9.18,11.7,N,1.44,1.08,0.5507389492,
WLF,63,B,15h,285,306,21,1,51,15.91,9.5,10.12,8.92,12.38,N,2.26,1.2,0.4071634238,
WLF,63,C,15h,285,309,24,2,48,15.01,8.28,8.52,7.66,11.55,N,3.03,0.86,0.3283477448,
WLF,72,A,15h,287,310,23,2,28,13.53,9.51,8.31,7.58,10.07,N,1.76,0.73,0.5583054269,
WLF,72,B,15h,287,309,22,2,50,16.76,9.31,9.05,8.72,11.82,N,2.77,0.33,0.3835201055,
WLF,72,C,15h,287,310,23,2,37,16.57,11.31,10.07,9.2,12.4,N,2.33,0.87,0.5575844242,
WUV,35,A,15h,284,304,20,2,57,15.59,10.75,8.85,7.91,9.74,N,0.89,0.94,0.099,
WUV,35,B,15h,284,306,22,2,71,14.71,9.28,10.68,9.84,8.74,N,-1.94,0.84,0.1492913479,
WUV,35,C,15h,284,305,21,2,75,15.7,8.78,11,10.22,8.78,N,-2.22,0.78,0.1588527461,
YCN,1,A,15h,284,307,23,2,60,12.17,7.49,9.89,8.65,8.45,N,-1.44,1.24,0.225,
YCN,1,B,15h,286,307,21,2,64,12.78,6.97,8.94,8,8.67,N,-0.27,0.94,0.225,
YCN,1,C,15h,288,309,21,3,32,13.09,7.87,8.37,7.18,7.74,N,-0.63,1.19,0.1085746897,
YCN,2,B,15h,284,306,22,2,67,12.12,7.63,10.16,9.33,9.64,N,-0.52,0.83,0.2055752498,
YCN,9,A,15h,285,307,22,2,40,9.96,6.61,8.91,7.43,8.85,N,-0.06,1.48,0.114,
YCN,9,B,15h,285,306,21,2,46,12.11,7.74,8.07,6.85,9.6,N,1.53,1.22,,
YCN,9,C,15h,285,306,21,2,45,11.73,6.17,9.72,8.92,9.31,N,-0.41,0.8,0.2525438407,
YCN,12,A,15h,286,309,23,1,54,13.45,5.53,9.23,8.5,8.77,N,-0.46,0.73,0.2110255907,
YCN,12,B,15h,285,309,24,1,49,15.03,6.96,9.26,7.83,9.82,N,0.56,1.43,0.1617225765,
YCN,12,C,15h,286,309,23,3,30,13.07,5.57,8.21,7.09,9.09,N,0.88,1.12,0.3501139277,
YCN,13,A,15h,286,307,21,2,32,11.24,9.14,8.2,8.2,9.63,N,1.43,0,0.231,
YCN,13,B,15h,286,308,22,2,47,10.13,4.58,8.44,6.23,8.77,Y,0.33,2.21,0.1312174538,
YCN,13,C,15h,286,307,21,1,38,11.42,8.73,9.2,8.24,9.54,N,0.34,0.96,0.169,
BCL,1,B,11h,44,67,23,2,5,8.94,3.86,6.63,6.13,8.07,N,-1.44,0.5,0.4088759452,
BCL,1,C,11h,44,71,27,2,5,9.27,3.02,7.42,6.22,6.52,N,0.9,1.2,0.1520171674,
BCL,2,A,11h,45,,,2,13,,,,,,DNF,,,0.1373896764,
BCL,2,B,11h,45,,,2,9,,,,,,DNF,,,0.1188184096,
BCL,2,C,11h,45,,,2,17,,,,,,DNF,,,0.14334282,
BCL,3,A,11h,44,73,29,2,7,10.22,5.35,7.39,6.04,7.39,N,0,1.35,0.322012305,
BCL,3,B,11h,44,76,32,2,22,12.08,5.41,9.89,8.24,10.66,Y,-0.77,1.65,0.3138999104,
BCL,3,C,11h,44,70,26,2,15,9.38,3.72,7.14,6.04,6.5,N,0.64,1.1,0.3507831148,
BCL,4,A,11h,45,,,2,8,,,,,,DNF,,,0.1031600975,
BCL,4,B,11h,45,,,2,7,,,,,,DNF,,,0.1240299547,
BCL,4,C,11h,44,,,2,9,,,,,,DNF,,,0.1223641634,
BCL,9,A,11h,44,65,21,2,6,10.47,5.79,7.83,6.81,7.61,N,0.22,1.02,0.3180228712,
BCL,9,B,11h,44,65,21,2,2,8.83,3.37,6.9,6.16,6.85,N,0.05,0.74,0.350646911,
BCL,9,C,11h,44,65,21,2,16,10.78,6.93,7.69,6.94,8.02,N,-1.08,0.75,0.3385252173,
BCL,15,A,11h,55,,,2,12,,,,,,DNF,,,0.1120708831,
BCL,15,B,11h,45,,,2,14,,,,,,DNF,,,0.09995818709,
BCL,15,C,11h,45,77,32,2,8,6.55,3.38,3.58,3.32,3.61,Y,-0.03,0.26,0.3350718496,
BML,4,A,11h,44,66,22,2,16,12.06,8.96,8.55,7.68,8.72,N,-0.17,0.87,0.1825114844,
BML,4,B,11h,45,68,23,2,26,10.35,6.75,7.53,6.14,8.58,N,-1.05,1.39,0.1255796178,
BML,4,C,11h,45,69,24,2,3,11.2,6.76,7.92,6.58,7.87,N,0.05,1.34,0.1152447366,
BML,5,A,11h,44,68,24,3,14,10.22,5.81,7.8,7.21,9.8,N,-2,0.59,0.3130337536,
BML,5,B,11h,44,68,24,2,14,8.69,5.18,8.3,7.79,7.96,N,0.34,0.51,0.3482742261,
BML,5,C,11h,44,67,23,2,3,9.96,4.65,7.85,7.12,7.72,N,0.13,0.73,0.1531161473,
BML,6,A,11h,44,69,25,3,23,13.08,7.14,9.12,7.84,9.8,N,-0.68,1.28,0.1528978157,
BML,6,B,11h,44,69,25,3,22,13.81,7.95,9.67,8.42,11.44,N,-1.77,1.25,0.1941756246,
BML,6,C,11h,44,69,25,3,18,13.2,8.26,8.44,7.61,9.65,N,-1.21,0.83,0.2092227556,
BML,7,A,11h,44,70,26,2,9,9.53,5.38,7.72,6.62,10.23,N,-2.51,1.1,0.1884988584,
BML,7,C,11h,44,68,24,2,11,9.81,5.7,8,7.52,9.06,N,-1.06,0.48,0.1629610023,
BML,10,A,11h,44,70,26,2,6,11.44,8.46,8.98,6.39,9.04,N,-0.06,2.59,0.1984293449,
BML,10,B,11h,44,68,24,2,7,15,8.55,9.7,7.44,10.36,N,-0.66,2.26,0.2348795541,
BML,10,C,11h,44,,,2,15,,,,,,DNF,,,0.2580464072,
BML,13,B,11h,44,69,25,2,6,10.64,4.41,9.07,8.19,10.58,Y,-1.51,0.88,0.1207961153,
BML,13,C,11h,44,68,24,2,13,11.33,5.48,7.4,6.49,8.06,N,-0.66,0.91,0.1236670179,
BML,14,A,11h,44,70,26,2,19,12.91,7.46,9.21,8.65,11.59,N,-2.38,0.56,0.2611739961,
BML,14,B,11h,44,69,25,2,18,10.08,7.52,8.15,6.72,8.93,N,-0.78,1.43,0.235108212,
BML,14,C,11h,44,69,25,2,10,13.98,7.39,8.47,6.83,10.11,N,-1.64,1.64,,
BML,16,A,11h,44,3/25,2/9,2,9,6.9,2.01,8.45,5.51,7.52,N,0.93,2.94,0.3246764985,
BML,16,C,11h,44,72,28,2,2,8.85,2.46,8.03,6.89,8.02,Y,0.01,1.14,0.1744558033,
BML,19,A,11h,45,73,28,2,2,8.96,4.46,8.05,6.99,6.68,N,1.37,1.06,0.03337267947,
BML,19,B,11h,46,79,33,2,3,5.67,1.76,5.56,5.23,5.15,Y,0.41,0.33,0.05962614272,
BML,19,C,11h,45,71,26,2,1,9.69,5.4,8.55,7.27,6.3,N,2.25,1.28,0.06860239239,
CECL,5,A,11h,44,,,2,12,,,,,,DNF,,,0.07460622691,
CECL,5,B,11h,44,,,2,9,,,,,,DNF,,,0.08801498127,
CECL,5,C,11h,44,74,30,2,1,7.98,1.92,6.96,6.21,5.95,Y,1.01,0.75,0.1997936604,
CECL,6,A,11h,46,78,32,2,6,8.09,2.06,6.46,5.8,6.51,Y,-0.05,0.66,0.4669575226,
CECL,10,A,11h,44,74,30,2,1,9.03,2.19,8.32,7.15,6.6,N,1.72,1.17,0.1732790176,
CECL,10,B,11h,44,72,28,2,5,9.16,3.92,7.9,6.72,6.75,N,1.15,1.18,0.2465433806,
CECL,10,C,11h,45,73,28,2,1,8.54,2.04,7.76,6.91,6.06,Y,1.7,0.85,0.1409588524,
CECL,13,A,11h,45,,,2,13,,,,,,DNF,,,0.2020553561,
CECL,13,B,11h,45,,,2,13,,,,,,DNF,,,0.09290429393,
CECL,13,C,11h,45,,,2,10,,,,,,DNF,,,0.2155224287,
DNK,14,A,11h,47,,,2,13,,,,,,DNF,,,0.2327673518,
DNK,14,B,11h,45,78,33,2,5,5.84,1.55,5.86,4.93,4.5,Y,1.36,0.93,0.1025695749,
DNK,14,C,11h,45,79,34,2,2,5.28,1.28,5.15,4.73,4.91,Y,0.24,0.42,0.1662358201,
DNK,17,A,11h,47,74,27,2,1,5.89,1.46,5.06,4.56,5.16,Y,-0.1,0.5,0.2766984404,
DNK,17,B,11h,49,,,2,15,,,,,,DNF,,,0.1103961882,
DNK,17,C,11h,47,,,2,10,,,,,,DNF,,,0.2532986846,
DNK,21,A,11h,47,,,2,15,,,,,,DNF,,,0.08107508869,
DNK,21,B,11h,47,,,2,12,,,,,,DNF,,,0.09746527281,
DNK,21,C,11h,46,80,34,2,2,6.86,2.03,6.09,5.42,5.31,Y,0.78,0.67,0.219254201,
DNK,27,B,11h,85,,,2,0,,,,,,DNF,,,0.0712874376,
DNK,27,C,11h,79,,,2,12,,,,,,DNF,,,0.07740237417,
DNK,30,A,11h,47,,,2,10,,,,,,DNF,,,0.1287316081,
DNK,30,B,11h,49,77,28,2,2,6.6,2.08,5.79,5.11,6.3,N,-0.51,0.68,0.3844687947,
DNK,30,C,11h,45,,,2,18,,,,,,DNF,,,0.1475181965,
DNK,34,A,11h,45,73,28,2,2,9.54,2.22,7.92,6.96,6.94,Y,0.98,0.96,0.1041396688,
DNK,34,B,11h,44,71,27,2,1,8.68,2.56,7.48,6.53,6.42,Y,1.06,0.95,0.145202595,
DNK,34,C,11h,44,73,29,2,3,9.9,2.93,8.44,7.2,6.79,Y,1.65,1.24,0.143421868,
DNK,38,A,11h,46,,,2,15,,,,,,DNF,,,0.1700526712,
DNK,38,B,11h,49,79,30,2,4,6.94,1.98,6.34,5.62,6.21,Y,0.13,0.72,0.1757089084,
DNK,38,C,11h,45,79,34,2,4,5.03,1.45,4.76,4.15,4.29,Y,0.47,0.61,0.1207246749,
DNK,39,A,11h,46,74,28,2,1,7.18,2.78,6.75,5.75,6.53,N,0.22,1,0.1197526393,
DNK,39,B,11h,46,,,2,9,,,,,,DNF,,,0.1131554984,
DNK,39,C,11h,46,72,26,2,2,6.63,2.44,6.13,5.57,5.23,Y,0.9,0.56,0.08619372514,
GB,1,A,11h,45,72,27,2,5,9.59,4.6,6.96,6.24,7.33,Y,-0.37,0.72,0.0876147112,
GB,1,B,11h,45,71,26,2,1,11.56,5.45,8.56,7.58,7.56,N,1,0.98,0.1467744747,
GB,1,C,11h,44,69,25,2,16,12.88,7,9.55,7.16,10.75,N,-1.2,2.39,0.1138298202,
GB,2,A,11h,44,68,24,3,13,16.22,6.73,9.01,6.69,9.89,N,-0.88,2.32,0.2255670743,
GB,2,B,11h,44,69,25,3,15,12.84,8.83,7.63,6.67,8.98,N,-1.35,0.96,0.1899657102,
GB,2,C,11h,44,68,24,2,16,10.22,5.25,7.54,5.83,7.94,N,-0.4,1.71,0.09201983399,
GB,25,A,11h,44,68,24,2,4,10.27,5.42,7.2,6.94,8.62,N,-1.42,0.26,0.1731099035,
GB,25,B,11h,44,69,25,2,10,13.49,8.52,7.97,6.54,9.55,N,-1.58,1.43,0.2738054732,
GB,25,C,11h,44,66,22,2,2,11.62,6.47,7.79,6.77,7.15,N,0.64,1.02,0.2622745338,
GB,32,A,11h,45,73,28,2,4,12,7.68,8.93,7.74,8.57,N,0.36,1.19,0.1170998915,
GB,32,B,11h,45,71,26,2,4,13.16,6.8,8.76,7.74,8.65,N,0.11,1.02,0.1851514302,
GB,32,C,11h,45,72,27,2,5,11.25,5.98,8.13,6.85,8.04,N,0.09,1.28,0.1396018069,
GB,39,A,11h,45,74,29,2,2,8.27,2.87,6.61,5.7,6.61,N,0,0.91,0.2258231467,
GB,39,B,11h,45,73,28,2,2,9.66,4.58,7.15,6.08,5.69,N,1.46,1.07,0.1849004949,
GB,39,C,11h,55,74,19,2,1,8.62,2.31,6.5,5.91,6,Y,0.5,0.59,0.2223951014,
GB,44,A,11h,44,80,36,2,7,8.75,2.29,7.19,6.5,6.84,Y,0.35,0.69,0.117397486,
GB,44,B,11h,44,81,37,2,4,6.38,1.79,5.68,5.47,4.25,Y,1.43,0.21,0.1024434389,
GB,44,C,11h,44,77,33,2,5,10.21,3.36,8.32,7.41,8.3,N,0.02,0.91,0.3538560549,
HEH,1,A,11h,45,72,27,2,18,8.77,5.34,6.87,5.63,6.06,N,0.81,1.24,0.07434784169,
HEH,1,B,11h,45,73,28,2,12,8.39,4.26,7.11,6.1,5.64,N,1.47,1.01,0.07142654606,
HEH,1,C,11h,45,70,25,2,14,8.54,3.89,8.47,6.52,7.11,DNF,1.36,1.95,0.09401398536,
HEH,2,A,11h,45,79,34,2,2,6.22,1.5,4.74,4.3,6.41,Y,-1.67,0.44,0.1340863685,
HEH,2,B,11h,45,74,29,2,5,6.88,3.31,,,7.33,N,,,0.2391674933,
HEH,2,C,11h,45,76,31,2,4,8.98,3.45,5.09,3.99,6.13,Y,-1.04,1.1,0.184834707,
HEH,4,A,11h,44,66,22,2,8,8.89,3.73,7.03,6.27,7.62,DNF,-0.59,0.76,0.1591293094,
HEH,4,B,11h,44,66,22,2,5,9.54,4.05,7.93,7.09,6.67,DNF,1.26,0.84,0.1793020778,
HEH,9,A,11h,44,67,23,2,15,14.62,9.49,8.14,7.38,9.35,N,-1.21,0.76,0.1938009557,
HEH,9,B,11h,44,67,23,2,20,13.37,9.83,8.59,7.84,9.74,N,-1.15,0.75,0.1949144558,
HEH,9,C,11h,44,68,24,2,26,16.93,11.08,9.43,8.28,13.75,N,-4.32,1.15,0.3541047145,
HEH,12,A,11h,44,77,33,2,8,8.68,4.23,8.24,5.95,9.65,N,-1.41,2.29,0.288310714,
HEH,12,B,11h,44,79,35,2,9,6.97,1.65,5.17,4.84,6.97,Y,-1.8,0.33,0.1503296784,
HEH,12,C,11h,44,79,35,2,3,7.62,1.8,5.98,5.56,6.65,Y,-0.67,0.42,0.2159061366,
HEH,16,A,11h,44,66,22,2,15,11.32,5.99,8.76,7.97,8.64,N,0.12,0.79,0.1959286901,
HEH,16,B,11h,44,66,22,2,6,9.73,4.9,8.26,6.68,7.32,DNF,0.94,1.58,0.1346756664,
HEH,16,C,11h,44,66,22,2,10,8.69,3.63,7.53,6.53,6.26,DNF,1.27,1,0.1177998354,
HEH,17,A,11h,44,73,29,2,9,12.63,6.92,9.17,8.12,8.45,N,0.72,1.05,0.1616121912,
HEH,17,B,11h,44,66,22,2,1,10.49,5.53,7.82,7.53,8.4,N,-0.58,0.29,0.1300377155,
HEH,17,C,11h,44,72,28,2,10,10.82,6.59,9.13,8.05,7.57,N,1.56,1.08,0.1270119483,
HEH,20,A,11h,44,66,22,2,10,8.24,2.27,6.43,5.69,6.29,Y,0.14,0.74,0.09407302313,
HEH,20,B,11h,44,66,22,2,7,9.35,2,7.82,6.66,7.19,Y,0.63,1.16,0.1380166717,
HEH,20,C,11h,44,66,22,2,8,9.63,4.14,8.53,6.97,8.16,DNF,0.37,1.56,0.09153965337,
HHR,5,A,11h,45,73,28,2,4,10.92,4.88,7.56,6.7,8.09,N,-0.53,0.86,0.1484618907,
HHR,5,B,11h,44,69,25,3,9,11.1,7.56,8.52,6.57,8.03,N,0.49,1.95,0.1132785002,
HHR,5,C,11h,44,69,25,2,12,10.62,6.63,8.95,7.37,10.43,N,-1.48,1.58,0.1808065489,
HHR,17,A,11h,44,74,30,2,9,10.3,4.52,8.4,7.21,9.2,N,-0.8,1.19,0.1267389341,
HHR,17,B,11h,44,74,30,2,9,7.44,2.51,7.08,6.49,7.14,N,-0.06,0.59,,
HHR,17,C,11h,44,76,32,2,11,11.59,4.37,8.88,7.57,9.21,N,-0.33,1.31,0.2236658005,
HHR,18,A,11h,44,66,22,2,18,13.68,8.47,8.34,7.48,7.96,N,0.38,0.86,0.1046633278,
HHR,18,B,11h,44,66,22,2,5,12.08,6.11,8.06,7.26,7.93,N,0.13,0.8,0.1091993577,
HHR,18,C,11h,44,72,28,2,4,10.43,4.85,7.44,6.54,7.49,N,-0.05,0.9,0.1637321085,
HUL,2,A,11h,47,,,2,13,,,,,,DNF,,,0.1675382765,
HUL,2,B,11h,46,,,2,8,,,,,,DNF,,,0.1501923113,
HUL,2,C,11h,44,77,33,2,4,5.87,2.67,4.95,4.66,5.18,Y,-0.23,0.29,0.2661396574,
HUL,3,A,11h,44,71,27,2,3,8.44,3.1,6.8,6.16,7.22,N,-0.42,0.64,0.1366745985,
HUL,3,B,11h,44,77,33,2,6,7.4,2.12,5.59,4.63,6.68,Y,-1.09,0.96,0.2999968786,
HUL,4,A,11h,44,81,37,2,4,4.44,1.04,4.25,4.05,6.02,Y,-1.77,0.2,0.1465106069,
HUL,4,B,11h,45,,,2,10,,,,,,DNF,,,0.2819985556,
HUL,4,C,11h,44,73,29,2,3,7.53,2.84,5.41,4.14,6.81,Y,-1.4,1.27,0.1048698081,
HUL,5,A,11h,52,,,2,7,,,,,,DNF,,,0.1636027203,
HUL,5,B,11h,44,76,32,2,7,7.25,2.01,4.97,3.34,5.55,Y,-0.58,1.63,0.08442825859,
HUL,5,C,11h,44,77,33,2,3,6.84,2.68,5.1,3.26,6.79,N,-1.69,1.84,0.2449148354,
HUL,6,A,11h,44,81,37,2,3,6.92,1.48,5.55,4.83,6.08,Y,-0.53,0.72,0.3202968781,
HUL,6,B,11h,44,77,33,2,5,6.58,3.02,5.3,3.78,7.23,N,-1.93,1.52,0.1392476303,
HUL,6,C,11h,44,74,30,2,1,7.22,2.07,5.02,,7.15,N,-2.13,5.02,0.2294451249,
HUL,7,A,11h,45,,,2,23,,,,,,DNF,,,0.1789108573,
HUL,7,B,11h,45,,,2,12,,,,,,DNF,,,0.2704812448,
HUL,7,C,11h,45,,,2,9,,,,,,DNF,,,0.1492010294,
HUL,9,A,11h,45,,,2,17,,,,,,DNF,,,0.1040170496,
HUL,9,B,11h,44,,,2,15,,,,,,DNF,,,0.1185163532,
HUL,9,C,11h,44,,,2,10,,,,,,DNF,,,0.06680215743,
HUL,10,A,11h,44,78,34,2,3,7.07,1.42,5.6,5.18,7.28,Y,-1.68,0.42,0.1277220436,
HUL,10,B,11h,45,,,2,11,,,,,,DNF,,,0.08428580013,
HUL,10,C,11h,44,80,36,2,5,5.58,1.13,4.27,4.03,6.05,Y,-1.78,0.24,0.08948159834,
HUL,20,A,11h,45,74,29,2,3,7.24,1.62,5.9,5.2,6.68,Y,-0.78,0.7,0.2093989541,
HUL,20,B,11h,44,78,34,2,6,6.1,1.41,4.92,4.68,6.23,Y,-1.31,0.24,0.1014941091,
HUL,20,C,11h,44,78,34,2,7,6.58,1.6,4.41,3.94,6.59,Y,-2.18,0.47,0.1368231821,
LIB,1,A,11h,45,69,24,2,7,10.49,7.31,7.11,6.02,8.52,N,-1.41,1.09,0.2024188539,
LIB,1,B,11h,59,,,2,9,,,,,,DNF,,,0.07618841482,
LIB,1,C,11h,55,,,2,9,,,,,,DNF,,,0.05484999803,
LIB,3,A,11h,44,69,25,2,9,11.67,7.12,8.03,7.12,9.44,N,-1.41,0.91,0.1464531582,
LIB,3,B,11h,44,68,24,2,14,13.16,8.41,9.5,5.66,9.18,N,0.32,3.84,0.1997110662,
LIB,3,C,11h,45,69,24,3,7,13.97,7.4,8.5,6.35,10.53,N,-2.03,2.15,0.1952892455,
LIB,5,A,11h,44,,,2,14,,,,,,DNF,,,0.1164742659,
LIB,5,B,11h,44,66,22,2,12,12.86,7.29,8.59,7.77,9.52,N,-0.93,0.82,0.2307272286,
LIB,5,C,11h,44,67,23,2,4,10.22,3.87,7.54,6.59,7.7,DNF,-0.16,0.95,0.1149854312,
LIB,6,A,11h,44,67,23,2,10,12.67,8.69,9.11,8.21,9.48,N,-0.37,0.9,0.1868050761,
LIB,6,B,11h,44,67,23,2,4,12.06,7.71,8.89,7.81,8.7,N,0.19,1.08,0.1885551118,
LIB,6,C,11h,44,67,23,2,5,10.54,4.33,7.68,6.98,7.71,DNF,-0.03,0.7,0.2349994228,
LIB,7,A,11h,44,70,26,2,2,11.56,5.78,8.55,5.32,7.61,N,0.94,3.23,0.1993840205,
LIB,7,B,11h,44,68,24,2,7,11.47,7.49,8.1,6.17,7.46,N,0.64,1.93,0.2306111313,
LIB,7,C,11h,45,70,25,2,2,12.16,5.5,9.29,7.07,8.74,N,0.55,2.22,0.1564663646,
LIB,10,A,11h,44,65,21,2,9,12.33,6.41,8.7,6.81,7.6,N,1.1,1.89,0.2973675846,
LIB,10,B,11h,44,67,23,2,9,7.68,5.49,7.01,5.48,6.71,N,0.3,1.53,0.1389380347,
LIB,10,C,11h,44,66,22,2,7,10.54,7.55,7.71,6.17,6.95,N,0.76,1.54,0.2037788036,
LIB,11,A,11h,46,,,2,8,,,,,,DNF,,,0.2610955618,
LIB,11,B,11h,85,,,2,0,,,,,,DNF,,,,
LIB,11,C,11h,86,,,2,4,,,,,,DNF,,,0.2741844769,
LIB,12,A,11h,45,72,27,2,5,6.54,1.75,5.58,5.04,,Y,5.58,0.54,,
LIB,12,B,11h,45,72,27,2,1,8.24,3.87,6.5,5.76,7.62,Y,-1.12,0.74,0.1428155977,
LIB,12,C,11h,45,74,29,2,5,6.96,2.58,6.16,5.45,5.86,Y,0.3,0.71,0.1606030223,
LIB,13,A,11h,46,72,26,2,2,8.06,3.49,6.25,5.17,6.51,Y,-0.26,1.08,0.1538926843,
LIB,13,C,11h,44,69,25,2,24,10.42,7.33,6.47,6.36,8.4,Y,-1.93,0.11,0.1637948683,
OPN,1,A,11h,47,,,2,15,,,,,,DNF,,,0.144943584,
OPN,1,B,11h,48,,,2,15,,,,,,DNF,,,0.1886171866,
OPN,1,C,11h,48,,,2,10,,,,,,DNF,,,0.1836978866,
OPN,4,A,11h,44,74,30,2,4,8.04,2.71,6.35,5.76,6.84,Y,-0.49,0.59,0.2575412948,
OPN,4,B,11h,44,73,29,2,1,7.44,2.25,5.92,5.16,6.09,Y,-0.17,0.76,0.1562555158,
OPN,4,C,11h,58,,,2,10,,,,,,DNF,,,0.1558883509,
OPN,7,B,11h,49,,,2,10,,,,,,DNF,,,0.06902226082,
OPN,7,C,11h,51,,,2,14,,,,,,DNF,,,0.1819273426,
OPN,8,A,11h,44,,,2,10,,,,,,DNF,,,0.1337129279,
OPN,8,B,11h,44,,,2,11,,,,,,DNF,,,0.1753485226,
OPN,8,C,11h,44,,,2,11,,,,,,DNF,,,0.2144204029,
OPN,9,A,11h,47,73,26,2,5,8.8,2.15,7.98,6.93,5.96,Y,2.02,1.05,0.1650300403,
OPN,9,B,11h,47,73,26,2,3,8.9,2.1,7.45,6.81,5.91,Y,1.54,0.64,0.1841449949,
OPN,9,C,11h,47,,,2,13,,,,,,DNF,,,0.2012586993,
OPN,15,B,11h,45,,,2,10,,,,,,DNF,,,0.2393210222,
OPN,15,C,11h,45,73,28,2,4,6.1,1.64,5.31,4.25,7.24,Y,-1.93,1.06,0.1992797276,
OPN,16,A,11h,47,77,30,2,1,5.68,1.13,5.34,4.76,6.01,Y,-0.67,0.58,0.5018885979,
OPN,16,B,11h,49,,,2,10,,,,,,DNF,,,0.2000141975,
OPN,16,C,11h,49,,,2,11,,,,,,DNF,,,0.1916655965,
OPN,18,A,11h,47,,,2,10,,,,,,DNF,,,0.1901074267,
OPN,18,B,11h,49,,,2,13,,,,,,DNF,,,0.1100140072,
OPN,18,C,11h,49,,,2,6,,,,,,DNF,,,0.1612222405,
PETL,1,A,11h,46,80,34,2,4,6.65,1.33,5.12,4.44,5.48,Y,-0.36,0.68,0.1918720923,
PETL,1,B,11h,45,74,29,2,3,6.51,1.1,4.42,3.84,6.78,Y,-2.36,0.58,0.2146692426,
PETL,1,C,11h,44,77,33,2,3,7.84,3.39,6.91,5.01,8.38,N,-1.47,1.9,0.3491003734,
PETL,2,A,11h,44,,,2,10,,,,,,DNF,,,0.1428461491,
PETL,2,B,11h,44,,,2,12,,,,,,DNF,,,0.09719089317,
PETL,2,C,11h,45,,,2,2,,,,,,DNF,,,0.1624461722,
PETL,8,A,11h,44,77,33,2,13,9.8,4.03,7.32,6.15,8.5,N,-1.18,1.17,0.2644361059,
PETL,8,B,11h,44,67,23,2,2,11.58,6.32,8.68,7.93,8.5,N,0.18,0.75,0.1935768164,
PETL,8,C,11h,44,69,25,3,5,12.6,5.82,8.56,8.13,8.52,N,0.04,0.43,0.2720956463,
PETL,10,A,11h,44,74,30,2,5,9.24,2.02,8.04,7.14,7.51,Y,0.53,0.9,0.1294695272,
PETL,10,B,11h,45,72,27,2,12,10.7,3.08,8.84,7.99,8.6,Y,0.24,0.85,0.1528861884,
PETL,10,C,11h,45,69,24,2,18,11.93,5.02,8.18,7.24,9.95,Y,-1.77,0.94,0.3201528493,
PETL,14,A,11h,44,78,34,2,3,6.72,1.25,5.87,4.9,6.47,Y,-0.6,0.97,0.166057223,
PETL,14,C,11h,45,,,2,10,,,,,,DNF,,,0.1823867649,
QAL,4,B,11h,44,72,28,2,8,9.59,4.03,6.91,6.25,6.46,N,0.45,0.66,0.123396089,
QAL,4,C,11h,44,73,29,2,5,8.62,2.59,7.05,6.06,6.51,Y,0.54,0.99,0.08081737558,
QAL,16,A,11h,45,72,27,2,5,8.98,3.64,6.89,6.36,6.72,N,0.17,0.53,0.1591433058,
QAL,16,B,11h,44,72,28,2,4,9.31,3.99,6.66,5.78,7.24,N,-0.58,0.88,0.2168500423,
QAL,16,C,11h,44,73,29,2,7,8.9,2.58,7.48,6.6,7.23,Y,0.25,0.88,0.3261478412,
SBL,1,A,11h,45,73,28,2,17,10.59,4.48,7.61,6.74,6.93,N,0.68,0.87,0.3069999072,
SBL,1,B,11h,45,72,27,2,13,9.76,4.92,7.87,7.17,6.36,N,1.51,0.7,0.3009461182,
SBL,2,A,11h,44,71,27,2,13,11.3,5.32,7.97,7.2,7.61,N,0.36,0.77,0.1425377673,
SBL,3,A,11h,44,69,25,2,6,11.21,7.53,9.05,6.08,7.25,N,1.8,2.97,0.2141052028,
SBL,3,B,11h,44,68,24,2,6,8.11,5.72,6.15,5.74,6.65,N,-0.5,0.41,0.1297257616,
SBL,3,C,11h,46,76,30,2,14,9.68,3.24,8.23,7.11,8.29,Y,-0.06,1.12,0.2707964924,
SBL,4,A,11h,45,72,27,2,12,8.7,4.4,7.55,6.53,7.27,N,0.28,1.02,0.2049157786,
SBL,4,B,11h,44,72,28,2,21,10.8,5.95,8.33,7.25,6.9,N,1.43,1.08,0.2257848414,
SBL,4,C,11h,45,68,23,3,20,12.8,4.35,8.39,6.35,10.07,N,-1.68,2.04,0.3232125616,
SBL,5,A,11h,44,70,26,2,43,14.69,7.69,9.11,7.7,10.49,N,-1.38,1.41,0.15920041,
SBL,5,B,11h,44,71,27,2,10,10.99,6.11,8.5,7.55,8.1,N,0.4,0.95,0.1641600869,
SBL,5,C,11h,44,70,26,2,28,13.07,5.61,8.34,5.64,10.31,N,-1.97,2.7,0.1906874551,
SBL,6,A,11h,44,72,28,2,6,8.74,3.28,6.79,6,7.31,Y,-0.52,0.79,0.09102418871,
SBL,6,B,11h,45,77,32,2,9,11.08,4.73,8.62,6.19,7.59,N,1.03,2.43,0.2958942632,
SBL,6,C,11h,45,76,31,2,19,13,7.68,10.77,8.34,11.36,N,-0.59,2.43,0.2411393499,
SBL,7,A,11h,45,72,27,2,6,8.6,2.43,7.27,6.14,6.08,Y,1.19,1.13,0.1429046325,
SBL,7,B,11h,45,70,25,2,7,9.49,3.01,7.61,6.5,6.9,Y,0.71,1.11,0.1139334015,
SBL,7,C,11h,44,72,28,2,16,9.96,5.34,7.94,6.99,8.01,N,-0.07,0.95,0.1852125119,
SBL,9,A,11h,45,76,31,2,21,13.77,6.45,11.11,10.32,12.06,Y,-0.95,0.79,0.3434092214,
SBL,9,B,11h,45,78,33,2,3,7.52,2.04,6.34,5.57,5.81,Y,0.53,0.77,0.1909517408,
SBL,9,C,11h,45,72,27,2,7,7.75,1.96,6.88,6.2,6.57,Y,0.31,0.68,0.1147502904,
SHL,38,A,11h,45,,,2,7,,,,,,DNF,,,0.07790282734,
SHL,38,B,11h,45,,,2,8,,,,,,DNF,,,0.2279103725,
SHL,38,C,11h,44,,,2,15,,,,,,DNF,,,0.08839695909,
SHL,9,A,11h,45,,,2,12,,,,,,DNF,,,0.1410642357,
SHL,9,B,11h,45,,,2,7,,,,,,DNF,,,0.05315711333,
SHL,9,C,11h,45,,,2,7,,,,,,DNF,,,0.2917334153,
SHL,10,A,11h,44,77,33,2,9,6.88,2.58,6.27,5.2,6.21,N,0.06,1.07,0.3097079409,
SHL,10,B,11h,44,74,30,2,4,8.17,3,6.66,5.87,7.08,N,-0.42,0.79,0.3308916948,
SHL,10,C,11h,45,72,27,2,2,9.29,5.39,7.38,6.39,7.22,N,0.16,0.99,0.2571809737,
SHL,12,B,11h,44,80,36,2,2,6.28,1.93,5.18,4.56,5.7,Y,-0.52,0.62,0.0555227882,
SHL,12,C,11h,45,,,2,10,,,,,,DNF,,,0.2068746853,
SHL,1,A,11h,44,68,24,2,17,7.04,4.82,6.57,5.45,6.67,N,-0.1,1.12,0.3205035451,
SHL,1,B,11h,44,67,23,2,4,9.61,5.78,7.55,6.35,6.82,N,0.73,1.2,0.1909025339,
SHL,1,C,11h,45,74,29,2,3,9.04,5.3,6.87,6.11,7.01,N,-0.14,0.76,0.3274076582,
SHL,2,A,11h,45,,,2,6,,,,,,DNF,,,0.06685508736,
SHL,2,B,11h,45,,,2,14,,,,,,DNF,,,0.2483592933,
SHL,2,C,11h,44,72,28,2,1,8.43,4.16,7.16,6.33,6.69,Y,0.47,0.83,0.1257997172,
SHL,3,A,11h,45,,,2,,,,,,,DNF,,,0.2697160303,
SHL,3,B,11h,45,,,2,,,,,,,DNF,,,0.2353701855,
SHL,3,C,11h,44,70,26,2,11,9.05,4.76,7.6,5.43,7.93,Y,-0.33,2.17,0.2799973232,
SHL,4,A,11h,44,68,24,2,7,12.44,7.71,8.52,7.33,8.94,N,-0.42,1.19,0.1117785883,
SHL,4,B,11h,44,72,28,2,1,9.98,5.74,7.27,6.81,7.56,N,-0.29,0.46,0.1480796463,
SHL,4,C,11h,44,73,29,2,1,8.75,3.99,7.07,5.82,7.62,N,-0.55,1.25,0.1772655008,
SHL,5,A,11h,46,,,2,7,,,,,,DNF,,,0.1027037208,
SHL,5,B,11h,55,,,2,8,,,,,,DNF,,,0.0728641011,
SHL,5,C,11h,47,,,2,10,,,,,,DNF,,,0.08012839565,
SHL,6,A,11h,45,,,2,13,,,,,,DNF,,,0.1494841286,
SHL,6,B,11h,46,74,28,2,3,8.11,5,6.52,5.71,6.8,N,-0.28,0.81,0.3242325377,
SHL,6,C,11h,46,87,41,2,2,6.42,2.35,5.33,4.84,5.33,Y,0,0.49,0.239985999,
SNB2,1,B,11h,44,74,30,2,3,7.6,1.51,6.46,5.6,7.07,N,-0.61,0.86,0.07392060731,
SNB2,1,C,11h,44,,,2,3,,,,,,DNF,,,0.1023360268,
TIGR,28,A,11h,44,74,30,2,4,10.44,5.73,7.71,6.67,7.57,N,0.14,1.04,0.2888046249,
TIGR,28,B,11h,44,66,22,2,6,8.99,2.64,7.12,6.44,6.84,N,0.28,0.68,0.3205726357,
TIGR,28,C,11h,44,67,23,2,3,9.79,4.98,7.33,5.98,7.31,N,0.02,1.35,0.2223954303,
TRT,1,A,11h,45,79,34,2,1,7.92,3.81,6.23,5.7,7.67,N,-1.44,0.53,0.2215676807,
TRT,1,B,11h,47,,,2,6,,,,,,DNF,,,0.08833840924,
TRT,1,C,11h,45,,,2,14,,,,,,DNF,,,0.1209922586,
TRT,2,A,11h,45,80,35,2,3,7.07,2.79,5.32,4.866,5.7,Y,-0.38,0.454,0.2564178123,
TRT,2,B,11h,44,,,2,12,,,,,,DNF,,,0.105194339,
TRT,2,C,11h,45,,,2,12,,,,,,DNF,,,0.1193599045,
TRT,4,A,11h,47,,,2,20,,,,,,DNF,,,0.1634350197,
TRT,4,B,11h,52,,,2,6,,,,,,DNF,,,0.1597062072,
TRT,4,C,11h,46,77,31,2,4,6.23,1.38,5.43,4.05,5.62,Y,-0.19,1.38,0.1638581668,
TRT,6,B,11h,46,78,32,2,2,6.41,1.01,4.72,4.31,6.81,Y,-2.09,0.41,0.06206670029,
TRT,6,C,11h,44,77,33,2,6,6.79,1.55,6.28,4.99,7.42,N,-1.14,1.29,0.2296689045,
TRT,11,A,11h,47,79,32,2,2,6.85,1.86,4.62,4.48,5.01,Y,-0.39,0.14,0.1704010045,
TRT,11,B,11h,47,,,2,9,,,,,,DNF,,,0.08806880633,
TRT,11,C,11h,46,77,31,2,3,5.54,1.26,5.13,4.23,3.73,Y,1.4,0.9,0.269557443,
WCL,3,A,11h,45,65,20,2,15,10.75,6.15,8.4,7.16,8.74,N,-0.34,1.24,0.07493631703,
WCL,3,B,11h,44,65,21,2,13,9.97,4.95,8.23,7.16,8.52,N,-0.29,1.07,0.05891870977,
WCL,3,C,11h,44,64,20,2,38,10.75,6.83,9.08,8.83,9.73,N,-0.65,0.25,0.08670013306,
WCL,9,A,11h,44,65,21,2,27,11.77,5.99,8.5,7.27,9,N,-0.5,1.23,0.1970512316,
WCL,9,B,11h,44,64,20,2,42,12.45,6.22,8.5,6.95,9.1,N,-0.6,1.55,0.1546240017,
WCL,9,C,11h,44,64,20,2,48,12.17,7.21,7.6,6.91,8.71,N,-1.11,0.69,0.1747212523,
WCL,10,A,11h,44,66,22,2,7,10.68,7.43,8.04,7.2,9.81,N,-1.77,0.84,0.1891953176,
WCL,10,B,11h,45,67,22,2,2,12.25,7.93,9.28,7.88,9.82,N,-0.54,1.4,0.159643466,
WCL,10,C,11h,45,67,22,2,8,11.78,7.7,8.9,7.48,9.65,N,-0.75,1.42,0.1362966906,
WCL,11,A,11h,44,65,21,2,16,14.17,10.13,8.31,7.54,9.58,N,-1.27,0.77,0.1950670907,
WCL,11,B,11h,44,65,21,2,8,12.08,8.39,8.16,7.17,9.39,N,-1.23,0.99,0.164994985,
WCL,11,C,11h,45,66,21,2,10,12.55,7.26,8.19,6.99,8.11,N,0.08,1.2,0.1586913096,
WCL,13,A,11h,44,70,26,2,13,11.3,6.02,8.24,6.92,7.92,N,0.32,1.32,0.1470051825,
WCL,13,B,11h,44,68,24,2,20,14.56,7.94,8.26,6.83,11.72,N,-3.46,1.43,0.2063671352,
WCL,13,C,11h,44,70,26,2,21,12.34,8.48,9.32,6.75,11.21,N,-1.89,2.57,0.1729092472,
WCL,8,A,11h,44,64,20,2,41,12.42,9.24,8.56,7.71,9.93,N,-1.37,0.85,0.1448336054,
WCL,8,B,11h,44,64,20,2,33,12.82,8.07,8.19,7.24,9.25,N,-1.06,0.95,0.1244858668,
WCL,8,C,11h,44,64,20,2,43,13.13,8.11,9.35,8.46,10.15,N,-0.8,0.89,0.1402072298,
WLF,47,A,11h,44,73,29,2,3,6.68,1.8,5.13,4.53,6.51,Y,-1.38,0.6,0.2935788462,
WLF,47,B,11h,44,71,27,2,2,7.53,2.31,6,5.12,6.55,Y,-0.55,0.88,0.08869729426,
WLF,47,C,11h,44,73,29,2,1,7.5,2.8,6.08,5.6,6.77,Y,-0.69,0.48,0.2988067439,
WLF,60,A,11h,61,,,2,7,,,,,,DNF,,,0.1545940265,
WLF,60,B,11h,61,,,2,10,,,,,,DNF,,,0.1542471848,
WLF,60,C,11h,61,,,2,10,,,,,,DNF,,,0.2121131976,
WLF,61,A,11h,45,67,22,2,7,13.34,10.41,9.15,8.11,9.52,N,-0.37,1.04,0.156818791,
WLF,61,B,11h,45,65,20,2,13,14.12,9.04,8.74,7.75,9.79,N,-1.05,0.99,0.1317429506,
WLF,61,C,11h,47,72,25,2,3,13.06,8.28,8.09,7.53,8.22,N,-0.13,0.56,0.132790327,
WLF,62,A,11h,65,,,2,10,,,,,,DNF,,,0.1872549461,
WLF,72,A,11h,62,,,2,9,,,,,,DNF,,,0.1225276256,
WLF,72,B,11h,65,,,2,3,,,,,,DNF,,,0.1720214844,
WLF,72,C,11h,60,,,2,3,,,,,,DNF,,,0.1480809912,
WLF,63,A,11h,61,,,2,16,,,,,,DNF,,,,
WUV,35,B,11h,44,73,29,2,10,9.68,2.76,7.71,6.5,7.6,N,0.11,1.21,0.2131100615,
YCN,1,A,11h,44,78,34,2,3,7.62,1.47,6.75,6.15,5.33,Y,1.42,0.6,0.0902038158,
YCN,1,B,11h,44,,,2,15,,,,,,DNF,,,0.09014149118,
YCN,1,C,11h,44,72,28,2,3,11.09,5.47,9.43,8.21,7.18,N,2.25,1.22,0.2431734583,
YCN,2,A,11h,44,73,29,2,15,10.47,3.33,8.13,7.41,8.22,Y,-0.09,0.72,0.1979606355,
YCN,2,B,11h,44,73,29,2,5,9.03,1.98,8.1,7.01,7.29,Y,0.81,1.09,0.1020115464,
YCN,2,C,11h,44,66,22,2,8,11.24,5.12,8.34,7.53,7.55,N,0.79,0.81,0.1082544115,
YCN,9,A,11h,48,,,2,6,,,,,,DNF,,,0.09366265319,
YCN,9,B,11h,47,,,2,10,,,,,,DNF,,,0.08749948651,
YCN,9,C,11h,52,,,2,3,,,,,,DNF,,,0.1880293501,
YCN,12,A,11h,47,,,2,10,,,,,,DNF,,,0.242303565,
YCN,12,B,11h,52,,,2,10,,,,,,DNF,,,0.1288852295,
YCN,12,C,11h,48,,,2,15,,,,,,DNF,,,,
YCN,13,A,11h,47,,,2,10,,,,,,DNF,,,0.05838429353,
YCN,13,B,11h,49,,,2,10,,,,,,DNF,,,0.09587576661,
YCN,13,C,11h,49,,,2,8,,,,,,DNF,,,0.1434039042,